win_id,lose_id,win_dur,lose_dur,battle_dur,dur_difference
2,1,25.53333333333333,25.23333333333333,25.23333333333333,0.3000000000000007
